{
  "Total" : {
    "transaction" : "Total",
    "sampleCount" : 150,
    "errorCount" : 0,
    "errorPct" : 0.0,
    "meanResTime" : 48.14,
    "medianResTime" : 6.0,
    "minResTime" : 3.0,
    "maxResTime" : 371.0,
    "pct1ResTime" : 132.9,
    "pct2ResTime" : 169.0999999999998,
    "pct3ResTime" : 341.4200000000005,
    "throughput" : 30.87690407575134,
    "receivedKBytesPerSec" : 19.14227337638946,
    "sentKBytesPerSec" : 7.627761231473858
  },
  "1_로그인" : {
    "transaction" : "1_로그인",
    "sampleCount" : 50,
    "errorCount" : 0,
    "errorPct" : 0.0,
    "meanResTime" : 130.52,
    "medianResTime" : 107.0,
    "minResTime" : 94.0,
    "maxResTime" : 371.0,
    "pct1ResTime" : 190.8,
    "pct2ResTime" : 297.5999999999999,
    "pct3ResTime" : 371.0,
    "throughput" : 10.315659170621004,
    "receivedKBytesPerSec" : 8.681674876212089,
    "sentKBytesPerSec" : 2.9707889545079427
  },
  "3_타유저프로필조회" : {
    "transaction" : "3_타유저프로필조회",
    "sampleCount" : 50,
    "errorCount" : 0,
    "errorPct" : 0.0,
    "meanResTime" : 6.7200000000000015,
    "medianResTime" : 5.0,
    "minResTime" : 3.0,
    "maxResTime" : 40.0,
    "pct1ResTime" : 12.799999999999997,
    "pct2ResTime" : 15.899999999999991,
    "pct3ResTime" : 40.0,
    "throughput" : 10.640561821664184,
    "receivedKBytesPerSec" : 5.0490712784635035,
    "sentKBytesPerSec" : 2.5874022398382635
  },
  "2_내프로필조회" : {
    "transaction" : "2_내프로필조회",
    "sampleCount" : 50,
    "errorCount" : 0,
    "errorPct" : 0.0,
    "meanResTime" : 7.180000000000001,
    "medianResTime" : 5.0,
    "minResTime" : 4.0,
    "maxResTime" : 45.0,
    "pct1ResTime" : 12.599999999999994,
    "pct2ResTime" : 23.14999999999997,
    "pct3ResTime" : 45.0,
    "throughput" : 10.638297872340425,
    "receivedKBytesPerSec" : 5.784574468085106,
    "sentKBytesPerSec" : 2.233626994680851
  }
}